datetime,open,high,low,close,volume
2026-03-24T12:00:00+00:00,173.50999999999996,174.20999999999995,171.95999999999995,173.28999999999994,155690
2026-03-25T12:00:00+00:00,173.28999999999994,179.19999999999996,173.28999999999994,176.66999999999996,145147
2026-03-26T12:00:00+00:00,176.66999999999996,176.66999999999996,169.11999999999995,169.23999999999995,146452
2026-03-27T12:00:00+00:00,169.23999999999995,169.23999999999995,164.95999999999995,165.39999999999995,138710.73853096014
2026-03-30T12:00:00+00:00,165.39999999999995,167.37999999999994,162.22999999999993,163.06999999999994,157897
2026-03-31T12:00:00+00:00,163.06999999999994,172.57999999999993,163.06999999999994,172.34999999999994,199778
2026-04-01T12:00:00+00:00,172.34999999999994,175.33999999999995,172.34999999999994,173.79999999999993,118062
2026-04-02T12:00:00+00:00,173.79999999999993,175.46999999999994,169.33999999999995,175.41999999999996,178868.10681273538
2026-04-06T12:00:00+00:00,175.41999999999996,175.69999999999996,173.74999999999994,175.57999999999996,124388
2026-04-07T12:00:00+00:00,175.57999999999996,176.18999999999994,171.63999999999996,176.08999999999995,158881
2026-04-08T12:00:00+00:00,176.08999999999995,183.19999999999996,176.08999999999995,180.08999999999997,126794.25543478261
2026-04-09T12:00:00+00:00,180.08999999999997,182.03999999999996,178.58999999999997,181.84999999999997,103442
2026-04-10T12:00:00+00:00,181.84999999999997,187.95,181.84999999999997,186.61999999999998,102040.93592821938
2026-04-13T12:00:00+00:00,186.61999999999998,187.6,183.67,187.17999999999998,96414
2026-04-14T12:00:00+00:00,187.17999999999998,194.45999999999998,187.17999999999998,194.45,77187
2026-04-15T12:00:00+00:00,194.45,198.35,193.69,196.84,105362.37277059224
2026-04-16T12:00:00+00:00,196.84,197.8,193.76,196.22,119604
2026-04-17T12:00:00+00:00,196.22,199.64000000000001,196.22,199.60000000000002,112159.83295359155
2026-04-20T12:00:00+00:00,199.60000000000002,200.11,195.77,200.06,95599
2026-04-21T12:00:00+00:00,200.06,200.68,196.94000000000003,197.86,105424
2026-04-22T12:00:00+00:00,197.86,200.44000000000003,197.26000000000002,200.36,80760.08341143392
2026-04-23T12:00:00+00:00,200.36,201.76000000000002,195.17000000000002,197.63000000000002,112624
2026-04-24T12:00:00+00:00,197.63000000000002,208.87000000000003,197.63000000000002,206.12000000000003,128270.19011406845
2026-04-27T12:00:00+00:00,206.12000000000003,214.76000000000002,205.31000000000003,214.58,114202
2026-04-28T12:00:00+00:00,214.58,214.58,206.14000000000001,211.16000000000003,120199
2026-04-29T12:00:00+00:00,211.16000000000003,211.16000000000003,205.44,207.21,93945.74163485291
2026-04-30T12:00:00+00:00,207.21,208.1,196.56,197.44,125823
2026-05-01T12:00:00+00:00,197.44,200.84,194.99,196.28,100253.09090909091
2026-05-04T12:00:00+00:00,196.28,199.57,192.61,196.42,96780
2026-05-05T12:00:00+00:00,196.42,198.08,193.89000000000001,194.39000000000001,76915
2026-05-06T12:00:00+00:00,194.39000000000001,206.13,194.39000000000001,205.55,101235.06906524758
2026-05-07T12:00:00+00:00,205.55,212.05,204.37,209.41,110873
2026-05-08T12:00:00+00:00,209.41,215.64000000000001,209.41,213.06000000000003,94550.99392194497
2026-05-11T12:00:00+00:00,213.06000000000003,220.19000000000003,211.79000000000002,217.39000000000004,94855
2026-05-12T12:00:00+00:00,217.39000000000004,221.62000000000003,212.83000000000004,218.90000000000003,116699
2026-05-13T12:00:00+00:00,218.90000000000003,225.69000000000005,218.90000000000003,223.71000000000004,99090.89499478624
2026-05-14T12:00:00+00:00,223.71000000000004,234.42000000000004,223.71000000000004,233.65000000000006,110123
2026-05-15T12:00:00+00:00,233.65000000000006,233.65000000000006,222.19000000000005,223.15000000000006,128447.28387838262
2026-05-18T12:00:00+00:00,223.15000000000006,227.78000000000006,216.21000000000006,220.20000000000007,151358
2026-05-19T12:00:00+00:00,220.20000000000007,222.31000000000006,215.74000000000007,218.52000000000007,137578
2026-05-20T12:00:00+00:00,218.52000000000007,223.88000000000005,218.32000000000008,221.19000000000005,112976.77108190091
2026-05-21T12:00:00+00:00,221.19000000000005,225.10000000000005,215.70000000000005,217.26000000000005,138047
2026-05-22T12:00:00+00:00,217.26000000000005,218.68000000000006,212.59000000000003,212.99000000000004,99204.85113945222
2026-05-26T12:00:00+00:00,212.99000000000004,215.92000000000004,209.75000000000006,212.59000000000003,94923
2026-05-27T12:00:00+00:00,212.59000000000003,212.59000000000003,206.52000000000004,210.37000000000003,101049.49858927852
2026-05-28T12:00:00+00:00,210.37000000000003,213.25000000000003,208.94000000000003,212.02000000000004,79882
2026-05-29T12:00:00+00:00,212.02000000000004,215.63000000000002,208.97000000000003,209.22000000000003,99676.99375
2026-06-01T12:00:00+00:00,209.22000000000003,222.67000000000002,209.22000000000003,222.20000000000002,106524
2026-06-02T12:00:00+00:00,222.20000000000002,230.08,219.16000000000003,220.64000000000001,98021
2026-06-03T12:00:00+00:00,220.64000000000001,220.64000000000001,212.32000000000002,212.73000000000002,102650.98692908653
2026-06-04T12:00:00+00:00,212.73000000000002,219.4,208.77,216.51000000000002,116579
2026-06-05T12:00:00+00:00,216.51000000000002,216.51000000000002,201.02999999999997,201.83999999999997,181230.82256209638
2026-06-08T12:00:00+00:00,201.83999999999997,207.01999999999998,201.83999999999997,205.39,130101
2026-06-09T12:00:00+00:00,205.39,208.09999999999997,196.04999999999998,204.83999999999997,252649
2026-06-10T12:00:00+00:00,204.83999999999997,204.83999999999997,196.60999999999999,197.04,196744.9042601924
2026-06-11T12:00:00+00:00,197.04,202.32999999999998,196.23,201.36999999999998,189424
2026-06-12T12:00:00+00:00,201.36999999999998,203.79,200.13,201.86999999999998,136217.4915641802
2026-06-15T12:00:00+00:00,201.86999999999998,209.42999999999998,201.86999999999998,209.2,94251
2026-06-16T12:00:00+00:00,209.2,209.2,204.01999999999998,204.04999999999998,128741
2026-06-17T12:00:00+00:00,204.04999999999998,205.92999999999998,200.15,201.39000000000001,148722.0374672162
2026-06-18T12:00:00+00:00,201.39000000000001,208.11000000000004,201.39000000000001,206.99000000000004,115800.75446925737
2026-06-22T12:00:00+00:00,206.99000000000004,210.70000000000005,204.43000000000004,205.26000000000005,121077
2026-06-23T12:00:00+00:00,205.26000000000005,205.26000000000005,196.73000000000005,196.75000000000006,151129
2026-06-24T12:00:00+00:00,196.75000000000006,198.35000000000005,193.28000000000003,195.70000000000005,155480.15688122812
2026-06-25T12:00:00+00:00,195.70000000000005,197.39000000000004,188.83000000000004,192.50000000000003,177768
2026-06-26T12:00:00+00:00,192.50000000000003,192.50000000000003,187.91000000000003,188.49000000000007,148325.93347972102
2026-06-29T12:00:00+00:00,188.49000000000007,192.87000000000006,186.53000000000006,191.64000000000007,119849
2026-06-30T12:00:00+00:00,191.64000000000007,197.36000000000007,191.64000000000007,196.49000000000007,95169
2026-07-01T12:00:00+00:00,196.49000000000007,196.6200000000001,190.18000000000006,194.38000000000008,111360.4117273665
2026-07-02T12:00:00+00:00,194.38000000000008,196.82000000000008,189.0100000000001,191.2200000000001,172655.21486710367
2026-07-06T12:00:00+00:00,191.2200000000001,194.18000000000012,190.65000000000012,192.27000000000012,96060
2026-07-07T12:00:00+00:00,192.27000000000012,195.0700000000001,187.8200000000001,193.62000000000012,148117
2026-07-08T12:00:00+00:00,193.62000000000012,201.8500000000001,191.6900000000001,200.7900000000001,137762.5
2026-07-09T12:00:00+00:00,200.7900000000001,201.2900000000001,195.67000000000013,199.45000000000013,104782
2026-07-10T12:00:00+00:00,199.45000000000013,207.66000000000014,198.56000000000012,207.62000000000012,113510.83705272713
2026-07-13T12:00:00+00:00,207.62000000000012,207.62000000000012,200.0000000000001,200.12000000000012,130205
2026-07-14T12:00:00+00:00,200.12000000000012,209.20000000000013,200.12000000000012,208.48000000000013,117877
2026-07-15T12:00:00+00:00,208.48000000000013,210.44000000000014,202.7100000000001,209.19000000000008,127466.14016192527
2026-07-16T12:00:00+00:00,209.19000000000008,209.19000000000008,202.5200000000001,204.16000000000008,138390
2026-07-17T12:00:00+00:00,204.16000000000008,204.16000000000008,194.6400000000001,199.29000000000008,160327.74109633474
2026-07-20T12:00:00+00:00,199.29000000000008,204.35000000000008,198.9300000000001,200.01000000000008,122899
2026-07-21T12:00:00+00:00,200.01000000000008,205.25000000000009,200.01000000000008,203.8300000000001,97876
2026-07-22T12:00:00+00:00,203.8300000000001,211.0500000000001,201.5200000000001,208.7800000000001,103715.54399060638
2026-07-23T12:00:00+00:00,208.7800000000001,208.7800000000001,202.63000000000008,205.47000000000008,165203
2026-07-24T12:00:00+00:00,205.47000000000008,208.5600000000001,201.50000000000009,203.6700000000001,162124
2026-07-27T12:00:00+00:00,203.6700000000001,205.3100000000001,192.1200000000001,193.2100000000001,91736.28956551489
2026-07-28T12:00:00+00:00,193.2100000000001,195.35000000000008,189.4200000000001,193.6100000000001,149238
2026-07-29T12:00:00+00:00,193.6100000000001,193.69000000000008,186.7300000000001,186.79000000000008,222320
2026-07-30T12:00:00+00:00,186.79000000000008,193.9300000000001,186.79000000000008,191.82000000000008,142504
2026-07-31T12:00:00+00:00,191.82000000000008,198.6500000000001,191.6800000000001,197.5600000000001,139035
